index,lang_id
1,ssw
2,ssw
3,ssw
4,ssw
5,zul
6,ssw
7,zul
8,ssw
9,zul
10,xho
11,zul
12,ssw
13,ssw
14,xho
15,ssw
16,ssw
17,ssw
18,ssw
19,xho
20,ssw
21,ssw
22,zul
23,zul
24,ssw
25,zul
26,ssw
27,ssw
28,xho
29,ssw
30,eng
31,zul
32,nbl
33,zul
34,xho
35,ssw
36,ssw
37,xho
38,ssw
39,ssw
40,xho
41,ssw
42,ssw
43,ssw
44,xho
45,ssw
46,ssw
47,ssw
48,ssw
49,nbl
50,nbl
51,xho
52,ssw
53,xho
54,ssw
55,ssw
56,zul
57,ssw
58,ssw
59,ssw
60,afr
61,ssw
62,xho
63,ssw
64,zul
65,ssw
66,ssw
67,ssw
68,ssw
69,ssw
70,ssw
71,ssw
72,xho
73,ssw
74,ssw
75,ssw
76,xho
77,ssw
78,xho
79,ssw
80,ssw
81,ssw
82,ssw
83,ssw
84,ssw
85,ssw
86,ssw
87,zul
88,ssw
89,ssw
90,ssw
91,ssw
92,ssw
93,ssw
94,ssw
95,ssw
96,ssw
97,ssw
98,ssw
99,ssw
100,ssw
101,ssw
102,ssw
103,zul
104,nbl
105,xho
106,ssw
107,nbl
108,zul
109,ssw
110,zul
111,ssw
112,zul
113,ssw
114,ssw
115,zul
116,ssw
117,xho
118,zul
119,ssw
120,ssw
121,ssw
122,xho
123,zul
124,nbl
125,zul
126,ssw
127,ssw
128,ssw
129,ssw
130,eng
131,eng
132,ssw
133,ssw
134,ssw
135,ssw
136,ssw
137,ssw
138,nso
139,nbl
140,ssw
141,zul
142,ssw
143,ssw
144,ssw
145,ssw
146,ssw
147,ssw
148,nbl
149,ssw
150,ssw
151,zul
152,ssw
153,nbl
154,ssw
155,ssw
156,ssw
157,ssw
158,ssw
159,ssw
160,zul
161,nbl
162,eng
163,ssw
164,ssw
165,ssw
166,tso
167,ssw
168,ssw
169,ssw
170,ssw
171,ssw
172,ssw
173,ssw
174,xho
175,nbl
176,ssw
177,zul
178,ssw
179,xho
180,ssw
181,ssw
182,zul
183,ssw
184,ssw
185,zul
186,ssw
187,ssw
188,ssw
189,zul
190,ssw
191,ssw
192,xho
193,zul
194,xho
195,zul
196,ssw
197,ssw
198,ssw
199,ssw
200,ssw
201,ssw
202,ssw
203,ssw
204,xho
205,ssw
206,ssw
207,ssw
208,zul
209,ssw
210,zul
211,zul
212,eng
213,ssw
214,ssw
215,xho
216,xho
217,nbl
218,ssw
219,ssw
220,ssw
221,ssw
222,ssw
223,ssw
224,ssw
225,ssw
226,ssw
227,ssw
228,ssw
229,ssw
230,ssw
231,ssw
232,xho
233,ssw
234,nso
235,ssw
236,ssw
237,ssw
238,xho
239,ssw
240,zul
241,ssw
242,ssw
243,ssw
244,xho
245,zul
246,ssw
247,ssw
248,zul
249,zul
250,ssw
251,ssw
252,nso
253,zul
254,xho
255,ssw
256,ssw
257,zul
258,ssw
259,ssw
260,ssw
261,nbl
262,ssw
263,ssw
264,ssw
265,zul
266,ssw
267,ssw
268,zul
269,xho
270,xho
271,zul
272,ssw
273,ssw
274,xho
275,ssw
276,ssw
277,ssw
278,ssw
279,zul
280,ssw
281,ssw
282,zul
283,zul
284,ssw
285,ssw
286,ssw
287,ssw
288,ssw
289,xho
290,ssw
291,zul
292,ssw
293,ssw
294,ssw
295,ssw
296,ssw
297,ssw
298,ssw
299,nbl
300,ssw
301,zul
302,ssw
303,ssw
304,ssw
305,ssw
306,afr
307,ssw
308,nbl
309,xho
310,afr
311,ssw
312,xho
313,zul
314,ssw
315,ssw
316,zul
317,xho
318,ssw
319,ssw
320,ssw
321,ssw
322,xho
323,ssw
324,ssw
325,ssw
326,zul
327,ssw
328,ssw
329,xho
330,nbl
331,ssw
332,ssw
333,ssw
334,ssw
335,nbl
336,zul
337,ssw
338,ssw
339,zul
340,xho
341,ssw
342,ssw
343,ssw
344,ven
345,ssw
346,ssw
347,ssw
348,nbl
349,ssw
350,ssw
351,ssw
352,ssw
353,zul
354,zul
355,nso
356,ssw
357,ssw
358,ssw
359,ssw
360,ssw
361,xho
362,ssw
363,ssw
364,ssw
365,ssw
366,ssw
367,zul
368,ssw
369,ssw
370,xho
371,ssw
372,xho
373,ssw
374,ssw
375,ssw
376,ssw
377,ssw
378,zul
379,ssw
380,ssw
381,ssw
382,ssw
383,nbl
384,ssw
385,ssw
386,zul
387,ssw
388,nbl
389,nbl
390,ssw
391,ssw
392,tso
393,ssw
394,ssw
395,ssw
396,ssw
397,afr
398,ssw
399,xho
400,ssw
401,zul
402,ssw
403,zul
404,zul
405,tsn
406,ssw
407,xho
408,ssw
409,ssw
410,ssw
411,ssw
412,ssw
413,ssw
414,zul
415,ssw
416,zul
417,ssw
418,ssw
419,ssw
420,nbl
421,ssw
422,ssw
423,ssw
424,ssw
425,ssw
426,xho
427,ssw
428,ssw
429,ssw
430,zul
431,ssw
432,ssw
433,ssw
434,ssw
435,ssw
436,xho
437,ssw
438,ssw
439,ssw
440,ssw
441,xho
442,ssw
443,ssw
444,nbl
445,ssw
446,zul
447,xho
448,ssw
449,ssw
450,ssw
451,ssw
452,ssw
453,xho
454,ssw
455,ssw
456,ssw
457,ssw
458,ssw
459,xho
460,ssw
461,ssw
462,ssw
463,ssw
464,zul
465,ssw
466,ssw
467,ssw
468,ssw
469,ssw
470,zul
471,ssw
472,ssw
473,ssw
474,xho
475,zul
476,ssw
477,xho
478,ssw
479,xho
480,ssw
481,zul
482,ssw
483,nbl
484,ssw
485,ssw
486,ssw
487,xho
488,xho
489,xho
490,ssw
491,zul
492,zul
493,zul
494,xho
495,zul
496,ssw
497,ssw
498,ssw
499,ssw
500,nbl
501,ssw
502,ssw
503,ssw
504,ssw
505,zul
506,ssw
507,ssw
508,ssw
509,ven
510,ssw
511,ssw
512,zul
513,ssw
514,ssw
515,ssw
516,ssw
517,nbl
518,ssw
519,ssw
520,xho
521,ssw
522,nbl
523,ssw
524,ssw
525,nbl
526,ssw
527,ssw
528,xho
529,ssw
530,ssw
531,ssw
532,ssw
533,ssw
534,ssw
535,ssw
536,xho
537,nbl
538,ssw
539,xho
540,ssw
541,ssw
542,ssw
543,xho
544,ssw
545,nbl
546,ssw
547,ssw
548,ven
549,ssw
550,ssw
551,ssw
552,xho
553,ssw
554,nbl
555,ven
556,ssw
557,ssw
558,ssw
559,xho
560,ssw
561,ssw
562,ssw
563,zul
564,ssw
565,nbl
566,nbl
567,ssw
568,ssw
569,ssw
570,ssw
571,ssw
572,ssw
573,nso
574,ssw
575,nbl
576,ssw
577,ssw
578,ssw
579,ssw
580,ssw
581,ssw
582,zul
583,ssw
584,xho
585,zul
586,ven
587,nbl
588,ssw
589,ssw
590,ssw
591,nbl
592,zul
593,ssw
594,ssw
595,ssw
596,ssw
597,ssw
598,xho
599,xho
600,zul
601,ssw
602,zul
603,zul
604,zul
605,ssw
606,ven
607,xho
608,ssw
609,ssw
610,ssw
611,ssw
612,ssw
613,ssw
614,ssw
615,ssw
616,ssw
617,ssw
618,ssw
619,ssw
620,nbl
621,xho
622,ssw
623,ssw
624,ssw
625,ssw
626,ssw
627,xho
628,ssw
629,nbl
630,zul
631,ssw
632,ssw
633,ssw
634,ssw
635,zul
636,ssw
637,ssw
638,ssw
639,ssw
640,ssw
641,ssw
642,ssw
643,ssw
644,ssw
645,ssw
646,ssw
647,ssw
648,ssw
649,nbl
650,zul
651,ssw
652,ssw
653,ssw
654,ssw
655,ssw
656,nbl
657,ssw
658,nbl
659,zul
660,ssw
661,ssw
662,ssw
663,nbl
664,xho
665,ssw
666,ssw
667,ssw
668,ssw
669,ssw
670,ssw
671,ssw
672,zul
673,ssw
674,ssw
675,xho
676,ssw
677,zul
678,ssw
679,ssw
680,ssw
681,ssw
682,nbl
683,ssw
684,ssw
685,ssw
686,ssw
687,ssw
688,ssw
689,ssw
690,ssw
691,ssw
692,zul
693,ssw
694,ssw
695,ssw
696,ssw
697,ssw
698,xho
699,ssw
700,ssw
701,ssw
702,xho
703,ssw
704,ssw
705,xho
706,ssw
707,zul
708,zul
709,ssw
710,xho
711,ssw
712,ssw
713,ssw
714,ssw
715,xho
716,ssw
717,ssw
718,nbl
719,ssw
720,xho
721,ssw
722,zul
723,ssw
724,ssw
725,ssw
726,ssw
727,ssw
728,xho
729,nso
730,ssw
731,ssw
732,zul
733,tso
734,ssw
735,ssw
736,ssw
737,nbl
738,xho
739,xho
740,ssw
741,ssw
742,zul
743,ssw
744,ssw
745,ssw
746,ssw
747,ssw
748,xho
749,ssw
750,ssw
751,ssw
752,zul
753,ssw
754,ssw
755,ssw
756,zul
757,ssw
758,xho
759,ssw
760,ssw
761,zul
762,ssw
763,zul
764,ssw
765,ssw
766,ssw
767,xho
768,ssw
769,ssw
770,ssw
771,ssw
772,ssw
773,ssw
774,ssw
775,ssw
776,ssw
777,ssw
778,ssw
779,ssw
780,ssw
781,ssw
782,ssw
783,ssw
784,zul
785,xho
786,ssw
787,ssw
788,zul
789,xho
790,xho
791,zul
792,ssw
793,ssw
794,xho
795,xho
796,ssw
797,ssw
798,ssw
799,ssw
800,ssw
801,ssw
802,ssw
803,ssw
804,nbl
805,ssw
806,ssw
807,ssw
808,ssw
809,nbl
810,ssw
811,xho
812,zul
813,zul
814,ssw
815,ssw
816,ssw
817,nbl
818,ssw
819,ssw
820,ssw
821,ssw
822,ven
823,ssw
824,ssw
825,ssw
826,ssw
827,ssw
828,zul
829,ssw
830,ssw
831,zul
832,ssw
833,ssw
834,ssw
835,ssw
836,ssw
837,zul
838,ssw
839,ssw
840,zul
841,ssw
842,tsn
843,ssw
844,ssw
845,ssw
846,ssw
847,ssw
848,zul
849,ssw
850,ssw
851,ssw
852,ssw
853,ssw
854,ssw
855,ven
856,zul
857,zul
858,ssw
859,zul
860,zul
861,ssw
862,ssw
863,ven
864,ssw
865,xho
866,ssw
867,ssw
868,xho
869,zul
870,zul
871,xho
872,zul
873,xho
874,ssw
875,ssw
876,ssw
877,ssw
878,ssw
879,ssw
880,ssw
881,ssw
882,ssw
883,xho
884,ssw
885,afr
886,ssw
887,xho
888,xho
889,ssw
890,xho
891,nbl
892,ssw
893,ssw
894,ssw
895,ssw
896,ssw
897,ven
898,ssw
899,ssw
900,ssw
901,nbl
902,ssw
903,ssw
904,ssw
905,zul
906,ssw
907,ssw
908,ssw
909,ssw
910,zul
911,ssw
912,ssw
913,ssw
914,ssw
915,ssw
916,ssw
917,xho
918,ssw
919,ssw
920,ssw
921,xho
922,xho
923,ssw
924,ven
925,zul
926,xho
927,ssw
928,ssw
929,xho
930,zul
931,ssw
932,xho
933,ssw
934,ssw
935,ssw
936,ssw
937,ssw
938,ssw
939,ssw
940,eng
941,ssw
942,ssw
943,nbl
944,ssw
945,ssw
946,xho
947,xho
948,zul
949,ssw
950,ssw
951,nbl
952,ssw
953,zul
954,ssw
955,ssw
956,ssw
957,ssw
958,ssw
959,zul
960,ssw
961,xho
962,nbl
963,ssw
964,xho
965,ssw
966,ssw
967,ssw
968,ssw
969,ssw
970,zul
971,ssw
972,ssw
973,ssw
974,zul
975,ssw
976,ssw
977,zul
978,nbl
979,ssw
980,ssw
981,ssw
982,ssw
983,zul
984,ssw
985,ssw
986,ssw
987,zul
988,ssw
989,xho
990,ssw
991,nbl
992,afr
993,ssw
994,ssw
995,xho
996,xho
997,ssw
998,zul
999,ssw
1000,ssw
1001,ssw
1002,ssw
1003,nbl
1004,zul
1005,ssw
1006,ssw
1007,ssw
1008,ssw
1009,ssw
1010,ssw
1011,xho
1012,ssw
1013,ssw
1014,ssw
1015,ssw
1016,nbl
1017,xho
1018,zul
1019,afr
1020,ssw
1021,ssw
1022,ssw
1023,xho
1024,nbl
1025,ssw
1026,xho
1027,ssw
1028,ssw
1029,ssw
1030,ssw
1031,ssw
1032,zul
1033,ssw
1034,nbl
1035,ssw
1036,ssw
1037,xho
1038,zul
1039,xho
1040,nbl
1041,ssw
1042,zul
1043,zul
1044,ssw
1045,xho
1046,ssw
1047,ssw
1048,ssw
1049,zul
1050,ssw
1051,zul
1052,zul
1053,ssw
1054,ssw
1055,ssw
1056,xho
1057,zul
1058,ssw
1059,ssw
1060,ssw
1061,ssw
1062,ssw
1063,ssw
1064,zul
1065,ssw
1066,ssw
1067,ssw
1068,ssw
1069,ssw
1070,ssw
1071,ssw
1072,xho
1073,eng
1074,ssw
1075,ssw
1076,zul
1077,nbl
1078,ssw
1079,ssw
1080,zul
1081,ssw
1082,ssw
1083,ssw
1084,ssw
1085,ssw
1086,zul
1087,ssw
1088,ssw
1089,ssw
1090,ssw
1091,ssw
1092,zul
1093,ssw
1094,ven
1095,zul
1096,ssw
1097,ssw
1098,ssw
1099,ssw
1100,ssw
1101,ssw
1102,zul
1103,nbl
1104,ven
1105,zul
1106,ssw
1107,ssw
1108,ssw
1109,xho
1110,ssw
1111,ssw
1112,ssw
1113,ssw
1114,ssw
1115,ssw
1116,ssw
1117,xho
1118,afr
1119,ssw
1120,ssw
1121,zul
1122,ssw
1123,ssw
1124,ssw
1125,ssw
1126,ssw
1127,ssw
1128,ssw
1129,zul
1130,ven
1131,zul
1132,zul
1133,ssw
1134,ssw
1135,ssw
1136,ssw
1137,ssw
1138,zul
1139,ssw
1140,xho
1141,xho
1142,xho
1143,ssw
1144,ssw
1145,ssw
1146,ssw
1147,xho
1148,ssw
1149,zul
1150,ssw
1151,ssw
1152,ssw
1153,nbl
1154,ssw
1155,ssw
1156,ssw
1157,ssw
1158,ssw
1159,ssw
1160,ssw
1161,ssw
1162,xho
1163,ssw
1164,zul
1165,ssw
1166,ssw
1167,ssw
1168,ssw
1169,ssw
1170,xho
1171,ssw
1172,ssw
1173,ssw
1174,ssw
1175,nbl
1176,ssw
1177,ssw
1178,ssw
1179,ssw
1180,ssw
1181,ssw
1182,ssw
1183,xho
1184,zul
1185,ssw
1186,zul
1187,xho
1188,ssw
1189,ssw
1190,nbl
1191,zul
1192,ssw
1193,ssw
1194,ssw
1195,nbl
1196,ssw
1197,zul
1198,ssw
1199,xho
1200,ssw
1201,xho
1202,ssw
1203,xho
1204,ssw
1205,ssw
1206,ssw
1207,ssw
1208,ssw
1209,ssw
1210,ssw
1211,ssw
1212,ssw
1213,ssw
1214,ssw
1215,ssw
1216,ssw
1217,xho
1218,ssw
1219,ssw
1220,xho
1221,ssw
1222,ssw
1223,xho
1224,ssw
1225,ssw
1226,zul
1227,nbl
1228,ssw
1229,ssw
1230,ssw
1231,ssw
1232,ssw
1233,ssw
1234,ssw
1235,ssw
1236,xho
1237,ssw
1238,ssw
1239,zul
1240,ssw
1241,ssw
1242,ssw
1243,ssw
1244,ssw
1245,ssw
1246,xho
1247,nbl
1248,ssw
1249,ssw
1250,ssw
1251,ssw
1252,nbl
1253,zul
1254,xho
1255,zul
1256,xho
1257,ssw
1258,zul
1259,ssw
1260,ssw
1261,ssw
1262,ssw
1263,ssw
1264,ssw
1265,ssw
1266,ssw
1267,ssw
1268,zul
1269,ssw
1270,ssw
1271,nbl
1272,ssw
1273,xho
1274,zul
1275,ssw
1276,ssw
1277,nbl
1278,ssw
1279,ssw
1280,ssw
1281,ssw
1282,ssw
1283,zul
1284,ssw
1285,ssw
1286,ssw
1287,ssw
1288,ssw
1289,zul
1290,ssw
1291,zul
1292,xho
1293,ssw
1294,xho
1295,xho
1296,ssw
1297,ssw
1298,ssw
1299,ssw
1300,zul
1301,zul
1302,ssw
1303,ssw
1304,ssw
1305,nso
1306,ssw
1307,ssw
1308,eng
1309,xho
1310,ssw
1311,ssw
1312,ssw
1313,ssw
1314,zul
1315,ssw
1316,zul
1317,ssw
1318,zul
1319,ssw
1320,ssw
1321,xho
1322,ssw
1323,ssw
1324,ssw
1325,afr
1326,xho
1327,zul
1328,nbl
1329,ssw
1330,ssw
1331,ssw
1332,ssw
1333,ssw
1334,ssw
1335,ssw
1336,ssw
1337,ssw
1338,ssw
1339,xho
1340,ssw
1341,ssw
1342,ssw
1343,zul
1344,xho
1345,ssw
1346,ssw
1347,ssw
1348,zul
1349,ssw
1350,ssw
1351,zul
1352,ssw
1353,ssw
1354,ssw
1355,ssw
1356,ssw
1357,ssw
1358,ssw
1359,nbl
1360,afr
1361,zul
1362,zul
1363,ssw
1364,ssw
1365,tso
1366,ssw
1367,ssw
1368,ssw
1369,ssw
1370,ssw
1371,xho
1372,xho
1373,xho
1374,ssw
1375,ssw
1376,zul
1377,nbl
1378,ssw
1379,zul
1380,xho
1381,ssw
1382,ssw
1383,afr
1384,nbl
1385,ssw
1386,ssw
1387,xho
1388,zul
1389,ssw
1390,ssw
1391,ssw
1392,ssw
1393,ssw
1394,zul
1395,ssw
1396,ssw
1397,ssw
1398,nbl
1399,ssw
1400,ssw
1401,ssw
1402,xho
1403,ssw
1404,xho
1405,ssw
1406,zul
1407,ssw
1408,ssw
1409,ssw
1410,ssw
1411,zul
1412,zul
1413,ssw
1414,nbl
1415,ssw
1416,ssw
1417,zul
1418,ssw
1419,ssw
1420,ssw
1421,ssw
1422,ssw
1423,zul
1424,ssw
1425,ssw
1426,ssw
1427,ssw
1428,zul
1429,zul
1430,ssw
1431,ssw
1432,zul
1433,eng
1434,nbl
1435,ssw
1436,ssw
1437,zul
1438,ssw
1439,xho
1440,ssw
1441,ssw
1442,ssw
1443,ssw
1444,zul
1445,ssw
1446,ssw
1447,ssw
1448,nbl
1449,ssw
1450,zul
1451,xho
1452,ssw
1453,ssw
1454,ssw
1455,ssw
1456,ssw
1457,ssw
1458,zul
1459,ssw
1460,ssw
1461,xho
1462,ssw
1463,zul
1464,ssw
1465,ssw
1466,ssw
1467,xho
1468,ssw
1469,ssw
1470,ssw
1471,nbl
1472,ssw
1473,ssw
1474,ssw
1475,nbl
1476,nbl
1477,zul
1478,ssw
1479,ssw
1480,ssw
1481,ssw
1482,nbl
1483,nbl
1484,ssw
1485,ssw
1486,nbl
1487,xho
1488,ssw
1489,xho
1490,zul
1491,ssw
1492,ssw
1493,ssw
1494,ssw
1495,xho
1496,ssw
1497,xho
1498,zul
1499,ssw
1500,ssw
1501,ssw
1502,zul
1503,ssw
1504,ssw
1505,ssw
1506,ssw
1507,nbl
1508,ssw
1509,zul
1510,ssw
1511,xho
1512,zul
1513,ssw
1514,ssw
1515,ssw
1516,xho
1517,ssw
1518,ssw
1519,ssw
1520,nbl
1521,ssw
1522,ssw
1523,ssw
1524,ssw
1525,nbl
1526,ssw
1527,ssw
1528,ssw
1529,ssw
1530,xho
1531,ssw
1532,nbl
1533,ssw
1534,ssw
1535,xho
1536,ssw
1537,zul
1538,zul
1539,ssw
1540,ssw
1541,ssw
1542,ssw
1543,ssw
1544,nbl
1545,ssw
1546,nbl
1547,xho
1548,ssw
1549,ssw
1550,ssw
1551,nbl
1552,ssw
1553,xho
1554,xho
1555,nbl
1556,ssw
1557,ssw
1558,nbl
1559,ssw
1560,ssw
1561,ssw
1562,ssw
1563,xho
1564,ssw
1565,xho
1566,ssw
1567,zul
1568,ssw
1569,ssw
1570,ssw
1571,ssw
1572,ssw
1573,ssw
1574,ssw
1575,xho
1576,zul
1577,xho
1578,ssw
1579,ssw
1580,ssw
1581,ssw
1582,zul
1583,ssw
1584,ssw
1585,ssw
1586,ssw
1587,ssw
1588,ssw
1589,ssw
1590,ssw
1591,ssw
1592,zul
1593,ssw
1594,ssw
1595,ssw
1596,ssw
1597,ssw
1598,ssw
1599,zul
1600,zul
1601,ssw
1602,ssw
1603,nbl
1604,xho
1605,ssw
1606,ssw
1607,ssw
1608,ssw
1609,ssw
1610,ssw
1611,ssw
1612,zul
1613,zul
1614,ssw
1615,xho
1616,zul
1617,ssw
1618,ssw
1619,ssw
1620,xho
1621,xho
1622,ssw
1623,ssw
1624,ssw
1625,zul
1626,ssw
1627,nbl
1628,ssw
1629,ssw
1630,xho
1631,ssw
1632,ssw
1633,ssw
1634,ssw
1635,ssw
1636,ssw
1637,zul
1638,nbl
1639,ssw
1640,ssw
1641,xho
1642,ssw
1643,xho
1644,zul
1645,ssw
1646,eng
1647,ssw
1648,ssw
1649,ssw
1650,ssw
1651,ssw
1652,xho
1653,xho
1654,nbl
1655,ssw
1656,ssw
1657,ssw
1658,ssw
1659,ssw
1660,ssw
1661,xho
1662,xho
1663,ssw
1664,ssw
1665,ssw
1666,ssw
1667,xho
1668,ssw
1669,ssw
1670,zul
1671,ssw
1672,ssw
1673,ssw
1674,zul
1675,ssw
1676,ssw
1677,nbl
1678,ssw
1679,ssw
1680,ssw
1681,xho
1682,zul
1683,zul
1684,ssw
1685,ssw
1686,ssw
1687,xho
1688,ssw
1689,ssw
1690,ssw
1691,ssw
1692,ssw
1693,ssw
1694,zul
1695,ssw
1696,zul
1697,ssw
1698,ssw
1699,ssw
1700,ssw
1701,ssw
1702,xho
1703,ssw
1704,ssw
1705,zul
1706,ssw
1707,nso
1708,ssw
1709,ssw
1710,zul
1711,ssw
1712,ssw
1713,ssw
1714,ssw
1715,xho
1716,ssw
1717,ssw
1718,ssw
1719,zul
1720,ssw
1721,nbl
1722,xho
1723,ssw
1724,zul
1725,zul
1726,ssw
1727,ssw
1728,ssw
1729,ssw
1730,ssw
1731,xho
1732,xho
1733,ssw
1734,ssw
1735,ssw
1736,ssw
1737,xho
1738,ssw
1739,xho
1740,ssw
1741,ssw
1742,zul
1743,ssw
1744,ssw
1745,ssw
1746,ssw
1747,zul
1748,ssw
1749,ssw
1750,ssw
1751,ssw
1752,nbl
1753,ssw
1754,xho
1755,ssw
1756,xho
1757,ssw
1758,ssw
1759,zul
1760,ssw
1761,ssw
1762,ssw
1763,ssw
1764,zul
1765,ssw
1766,ssw
1767,ssw
1768,ssw
1769,ssw
1770,nbl
1771,zul
1772,nbl
1773,zul
1774,zul
1775,ssw
1776,xho
1777,ssw
1778,ven
1779,ssw
1780,ssw
1781,xho
1782,ven
1783,ssw
1784,xho
1785,ssw
1786,ssw
1787,ssw
1788,ssw
1789,ssw
1790,ssw
1791,ssw
1792,ssw
1793,ssw
1794,ssw
1795,ssw
1796,zul
1797,ssw
1798,nbl
1799,zul
1800,ssw
1801,ssw
1802,ssw
1803,zul
1804,ssw
1805,ssw
1806,ssw
1807,xho
1808,ssw
1809,ssw
1810,xho
1811,ssw
1812,ssw
1813,ssw
1814,xho
1815,zul
1816,ssw
1817,nbl
1818,xho
1819,ssw
1820,ssw
1821,nbl
1822,ssw
1823,ssw
1824,ssw
1825,ssw
1826,ssw
1827,ssw
1828,ssw
1829,ssw
1830,ssw
1831,xho
1832,ssw
1833,ssw
1834,ssw
1835,ssw
1836,ssw
1837,ssw
1838,ssw
1839,ssw
1840,ssw
1841,xho
1842,zul
1843,ssw
1844,ssw
1845,ssw
1846,ssw
1847,ssw
1848,ssw
1849,ssw
1850,ssw
1851,ssw
1852,ssw
1853,ssw
1854,zul
1855,ssw
1856,ssw
1857,zul
1858,ssw
1859,ssw
1860,ssw
1861,ssw
1862,zul
1863,ssw
1864,ssw
1865,ssw
1866,xho
1867,ssw
1868,xho
1869,nbl
1870,ssw
1871,ssw
1872,nbl
1873,ssw
1874,ssw
1875,ssw
1876,ssw
1877,ssw
1878,ssw
1879,ssw
1880,ssw
1881,ssw
1882,ssw
1883,ssw
1884,ssw
1885,ssw
1886,ssw
1887,zul
1888,ssw
1889,zul
1890,xho
1891,ssw
1892,ssw
1893,ssw
1894,ssw
1895,ssw
1896,ssw
1897,zul
1898,ssw
1899,ssw
1900,nso
1901,nbl
1902,ssw
1903,ssw
1904,ssw
1905,ssw
1906,ssw
1907,ssw
1908,ssw
1909,ssw
1910,ssw
1911,zul
1912,xho
1913,ssw
1914,ven
1915,ssw
1916,ssw
1917,ssw
1918,ssw
1919,xho
1920,ssw
1921,zul
1922,nbl
1923,ssw
1924,zul
1925,ssw
1926,tso
1927,ssw
1928,ssw
1929,zul
1930,zul
1931,ssw
1932,ssw
1933,xho
1934,xho
1935,ssw
1936,ssw
1937,zul
1938,ssw
1939,zul
1940,ssw
1941,ssw
1942,ssw
1943,ssw
1944,ssw
1945,xho
1946,ssw
1947,ssw
1948,ssw
1949,ssw
1950,ssw
1951,ssw
1952,zul
1953,zul
1954,ssw
1955,ssw
1956,ssw
1957,ssw
1958,ssw
1959,ssw
1960,ssw
1961,ssw
1962,xho
1963,xho
1964,ssw
1965,ssw
1966,ssw
1967,ssw
1968,ssw
1969,zul
1970,zul
1971,ssw
1972,ssw
1973,ssw
1974,zul
1975,ssw
1976,ssw
1977,ssw
1978,xho
1979,zul
1980,ssw
1981,ssw
1982,ssw
1983,xho
1984,ssw
1985,ssw
1986,ssw
1987,ssw
1988,ssw
1989,zul
1990,ssw
1991,ssw
1992,eng
1993,eng
1994,ssw
1995,xho
1996,ven
1997,ssw
1998,ssw
1999,ssw
2000,xho
2001,zul
2002,ssw
2003,ssw
2004,ssw
2005,ssw
2006,ssw
2007,ssw
2008,ssw
2009,ssw
2010,ssw
2011,ssw
2012,ssw
2013,ssw
2014,ssw
2015,ssw
2016,ssw
2017,xho
2018,zul
2019,ssw
2020,zul
2021,ssw
2022,ssw
2023,xho
2024,ssw
2025,ssw
2026,ssw
2027,ssw
2028,ssw
2029,ssw
2030,nbl
2031,ssw
2032,nbl
2033,ssw
2034,ssw
2035,ssw
2036,xho
2037,zul
2038,xho
2039,ssw
2040,ssw
2041,xho
2042,ssw
2043,nbl
2044,xho
2045,zul
2046,nbl
2047,nso
2048,ssw
2049,ssw
2050,ssw
2051,ssw
2052,ssw
2053,ssw
2054,ssw
2055,zul
2056,ssw
2057,ssw
2058,zul
2059,ssw
2060,zul
2061,ssw
2062,ssw
2063,ssw
2064,zul
2065,ssw
2066,ssw
2067,ssw
2068,ssw
2069,ssw
2070,ssw
2071,ssw
2072,ssw
2073,nso
2074,ssw
2075,ssw
2076,ssw
2077,zul
2078,xho
2079,zul
2080,ssw
2081,ssw
2082,xho
2083,zul
2084,ssw
2085,ssw
2086,nbl
2087,ssw
2088,ssw
2089,zul
2090,ssw
2091,ssw
2092,zul
2093,zul
2094,ssw
2095,ssw
2096,ssw
2097,afr
2098,ssw
2099,zul
2100,zul
2101,ssw
2102,ssw
2103,xho
2104,ssw
2105,ssw
2106,ssw
2107,ssw
2108,ssw
2109,ssw
2110,ssw
2111,zul
2112,zul
2113,ssw
2114,ssw
2115,zul
2116,ssw
2117,zul
2118,ssw
2119,ssw
2120,nbl
2121,nbl
2122,ssw
2123,xho
2124,ssw
2125,zul
2126,xho
2127,xho
2128,eng
2129,ssw
2130,xho
2131,ssw
2132,ssw
2133,ssw
2134,ssw
2135,zul
2136,ssw
2137,ssw
2138,ssw
2139,zul
2140,ssw
2141,zul
2142,ssw
2143,ssw
2144,nbl
2145,xho
2146,ssw
2147,nbl
2148,ssw
2149,ssw
2150,ssw
2151,ssw
2152,ssw
2153,xho
2154,xho
2155,nbl
2156,zul
2157,xho
2158,ssw
2159,ssw
2160,ssw
2161,ssw
2162,ssw
2163,ssw
2164,xho
2165,ssw
2166,xho
2167,ssw
2168,ssw
2169,ssw
2170,zul
2171,ssw
2172,xho
2173,ssw
2174,xho
2175,xho
2176,xho
2177,ssw
2178,zul
2179,ssw
2180,ssw
2181,ssw
2182,ssw
2183,ssw
2184,ssw
2185,ssw
2186,ssw
2187,ssw
2188,ssw
2189,ssw
2190,zul
2191,ssw
2192,nbl
2193,ssw
2194,xho
2195,ssw
2196,zul
2197,xho
2198,ssw
2199,ssw
2200,ssw
2201,xho
2202,ssw
2203,ssw
2204,nbl
2205,ssw
2206,xho
2207,xho
2208,ssw
2209,ssw
2210,ssw
2211,ssw
2212,ssw
2213,ssw
2214,ssw
2215,ssw
2216,ssw
2217,ssw
2218,nbl
2219,ssw
2220,xho
2221,ssw
2222,xho
2223,ssw
2224,ssw
2225,nbl
2226,tso
2227,ssw
2228,ssw
2229,xho
2230,xho
2231,ssw
2232,zul
2233,ssw
2234,ssw
2235,ssw
2236,nbl
2237,nbl
2238,ssw
2239,ssw
2240,ssw
2241,ssw
2242,xho
2243,ssw
2244,xho
2245,ssw
2246,ssw
2247,ssw
2248,ssw
2249,ssw
2250,ssw
2251,nbl
2252,ssw
2253,zul
2254,ssw
2255,ssw
2256,ssw
2257,xho
2258,ssw
2259,ssw
2260,ssw
2261,xho
2262,xho
2263,ssw
2264,ssw
2265,xho
2266,nbl
2267,xho
2268,ssw
2269,tsn
2270,nbl
2271,xho
2272,nbl
2273,ssw
2274,ssw
2275,xho
2276,nbl
2277,ssw
2278,ssw
2279,ssw
2280,ssw
2281,ssw
2282,ssw
2283,ssw
2284,ssw
2285,ssw
2286,ssw
2287,ssw
2288,ssw
2289,ssw
2290,ssw
2291,xho
2292,ssw
2293,ssw
2294,ssw
2295,nbl
2296,xho
2297,ssw
2298,tsn
2299,ssw
2300,xho
2301,nbl
2302,xho
2303,ssw
2304,ssw
2305,zul
2306,ssw
2307,ssw
2308,ssw
2309,ssw
2310,nbl
2311,zul
2312,xho
2313,ssw
2314,ssw
2315,zul
2316,ssw
2317,ssw
2318,ssw
2319,zul
2320,ssw
2321,ssw
2322,zul
2323,ssw
2324,xho
2325,xho
2326,zul
2327,ssw
2328,ssw
2329,ssw
2330,nbl
2331,ssw
2332,ssw
2333,ssw
2334,ssw
2335,ssw
2336,xho
2337,nbl
2338,ssw
2339,xho
2340,ssw
2341,ssw
2342,ssw
2343,zul
2344,ssw
2345,zul
2346,ssw
2347,ssw
2348,zul
2349,ssw
2350,ssw
2351,ssw
2352,ssw
2353,xho
2354,zul
2355,ssw
2356,ssw
2357,xho
2358,nbl
2359,zul
2360,ssw
2361,ssw
2362,ssw
2363,ssw
2364,zul
2365,ssw
2366,nbl
2367,ssw
2368,ssw
2369,ssw
2370,ssw
2371,zul
2372,nbl
2373,xho
2374,ssw
2375,zul
2376,ssw
2377,xho
2378,ssw
2379,ven
2380,xho
2381,xho
2382,nbl
2383,ssw
2384,ssw
2385,ssw
2386,ssw
2387,ssw
2388,ssw
2389,ssw
2390,ssw
2391,zul
2392,zul
2393,ssw
2394,ssw
2395,ssw
2396,ssw
2397,ssw
2398,xho
2399,ssw
2400,ssw
2401,ssw
2402,ssw
2403,zul
2404,zul
2405,zul
2406,ssw
2407,ssw
2408,zul
2409,ssw
2410,ssw
2411,xho
2412,zul
2413,ssw
2414,xho
2415,ssw
2416,ssw
2417,ssw
2418,ssw
2419,xho
2420,ssw
2421,ssw
2422,ssw
2423,ssw
2424,ssw
2425,xho
2426,ssw
2427,ssw
2428,ssw
2429,ssw
2430,zul
2431,ssw
2432,ssw
2433,ssw
2434,ssw
2435,zul
2436,zul
2437,nbl
2438,ssw
2439,ssw
2440,ssw
2441,ssw
2442,zul
2443,ssw
2444,ssw
2445,ssw
2446,ssw
2447,ssw
2448,ssw
2449,ssw
2450,ssw
2451,zul
2452,xho
2453,ssw
2454,ssw
2455,ssw
2456,nbl
2457,xho
2458,xho
2459,zul
2460,ssw
2461,ssw
2462,zul
2463,zul
2464,ssw
2465,ssw
2466,zul
2467,ssw
2468,ssw
2469,ssw
2470,ssw
2471,ssw
2472,ssw
2473,ven
2474,ssw
2475,ssw
2476,ssw
2477,ssw
2478,ssw
2479,xho
2480,ssw
2481,ssw
2482,zul
2483,ssw
2484,nbl
2485,ssw
2486,xho
2487,ssw
2488,ssw
2489,nbl
2490,ssw
2491,ssw
2492,xho
2493,zul
2494,ssw
2495,ssw
2496,ssw
2497,ssw
2498,ssw
2499,xho
2500,xho
2501,ssw
2502,ssw
2503,ssw
2504,ssw
2505,ssw
2506,nbl
2507,ssw
2508,zul
2509,ssw
2510,zul
2511,ssw
2512,nbl
2513,xho
2514,ssw
2515,ssw
2516,ssw
2517,ssw
2518,zul
2519,ssw
2520,ssw
2521,ssw
2522,nbl
2523,ssw
2524,zul
2525,ssw
2526,nso
2527,ssw
2528,ssw
2529,ssw
2530,ssw
2531,xho
2532,zul
2533,nbl
2534,nbl
2535,nbl
2536,zul
2537,ssw
2538,xho
2539,ssw
2540,ssw
2541,ssw
2542,ssw
2543,ssw
2544,ssw
2545,ssw
2546,ssw
2547,ssw
2548,xho
2549,zul
2550,nbl
2551,ssw
2552,ssw
2553,zul
2554,ssw
2555,ssw
2556,ssw
2557,ssw
2558,ssw
2559,ssw
2560,xho
2561,xho
2562,ssw
2563,ssw
2564,ssw
2565,ssw
2566,nbl
2567,zul
2568,ssw
2569,ssw
2570,ssw
2571,ssw
2572,zul
2573,ssw
2574,ssw
2575,ssw
2576,ssw
2577,afr
2578,afr
2579,ssw
2580,ssw
2581,ssw
2582,zul
2583,ssw
2584,ssw
2585,ssw
2586,zul
2587,nbl
2588,ssw
2589,ssw
2590,ssw
2591,ven
2592,nbl
2593,ssw
2594,zul
2595,ssw
2596,nbl
2597,ssw
2598,ssw
2599,ssw
2600,ssw
2601,zul
2602,ssw
2603,zul
2604,ssw
2605,zul
2606,zul
2607,ssw
2608,ssw
2609,eng
2610,nbl
2611,ssw
2612,nbl
2613,ssw
2614,ssw
2615,ssw
2616,ssw
2617,zul
2618,zul
2619,ssw
2620,ssw
2621,ssw
2622,ssw
2623,zul
2624,eng
2625,xho
2626,ssw
2627,ssw
2628,ssw
2629,ssw
2630,ssw
2631,xho
2632,ssw
2633,ssw
2634,ssw
2635,ssw
2636,ssw
2637,ssw
2638,ssw
2639,ssw
2640,ssw
2641,xho
2642,zul
2643,ssw
2644,zul
2645,ssw
2646,zul
2647,nso
2648,ssw
2649,nbl
2650,ssw
2651,nbl
2652,xho
2653,ssw
2654,xho
2655,xho
2656,ssw
2657,ssw
2658,ssw
2659,xho
2660,ssw
2661,zul
2662,ssw
2663,ssw
2664,ssw
2665,ssw
2666,zul
2667,nbl
2668,ssw
2669,ssw
2670,xho
2671,ssw
2672,ssw
2673,ssw
2674,xho
2675,ven
2676,ssw
2677,zul
2678,nbl
2679,nbl
2680,ssw
2681,ssw
2682,ssw
2683,nbl
2684,zul
2685,xho
2686,zul
2687,ssw
2688,zul
2689,zul
2690,xho
2691,ssw
2692,ssw
2693,ssw
2694,ssw
2695,xho
2696,ssw
2697,xho
2698,ssw
2699,ssw
2700,xho
2701,ssw
2702,zul
2703,ssw
2704,ssw
2705,zul
2706,xho
2707,ssw
2708,ssw
2709,ssw
2710,ssw
2711,ssw
2712,ssw
2713,zul
2714,xho
2715,ssw
2716,ssw
2717,ssw
2718,nbl
2719,afr
2720,zul
2721,ven
2722,ssw
2723,ssw
2724,ssw
2725,ssw
2726,zul
2727,ssw
2728,ssw
2729,ssw
2730,zul
2731,ssw
2732,nbl
2733,ssw
2734,ssw
2735,xho
2736,ssw
2737,tso
2738,nbl
2739,ssw
2740,ssw
2741,ssw
2742,nbl
2743,zul
2744,ssw
2745,ssw
2746,nbl
2747,ssw
2748,ssw
2749,ssw
2750,zul
2751,ssw
2752,nbl
2753,xho
2754,ssw
2755,xho
2756,ssw
2757,ssw
2758,ssw
2759,ssw
2760,ssw
2761,zul
2762,ssw
2763,nbl
2764,zul
2765,eng
2766,xho
2767,ssw
2768,ssw
2769,ssw
2770,ssw
2771,ssw
2772,zul
2773,ssw
2774,ssw
2775,xho
2776,nbl
2777,ssw
2778,ssw
2779,zul
2780,ssw
2781,ssw
2782,ssw
2783,ssw
2784,ssw
2785,zul
2786,ssw
2787,xho
2788,xho
2789,ssw
2790,zul
2791,zul
2792,ssw
2793,ssw
2794,ssw
2795,xho
2796,ssw
2797,zul
2798,zul
2799,xho
2800,zul
2801,ssw
2802,eng
2803,zul
2804,ssw
2805,ssw
2806,ssw
2807,ssw
2808,ssw
2809,ssw
2810,zul
2811,zul
2812,ssw
2813,ssw
2814,xho
2815,xho
2816,ssw
2817,ssw
2818,ssw
2819,ssw
2820,zul
2821,zul
2822,ssw
2823,ssw
2824,xho
2825,zul
2826,ssw
2827,xho
2828,ssw
2829,ssw
2830,ssw
2831,xho
2832,xho
2833,xho
2834,ssw
2835,nbl
2836,ssw
2837,xho
2838,xho
2839,ssw
2840,zul
2841,zul
2842,ssw
2843,ssw
2844,ssw
2845,ssw
2846,zul
2847,ssw
2848,ssw
2849,ssw
2850,ssw
2851,ssw
2852,ssw
2853,ssw
2854,ssw
2855,ssw
2856,ssw
2857,ssw
2858,ssw
2859,ssw
2860,ssw
2861,ssw
2862,ssw
2863,ssw
2864,ssw
2865,ssw
2866,ssw
2867,ssw
2868,ssw
2869,ssw
2870,ssw
2871,xho
2872,ven
2873,ssw
2874,xho
2875,zul
2876,xho
2877,ssw
2878,ssw
2879,ssw
2880,ssw
2881,ssw
2882,ssw
2883,ssw
2884,ssw
2885,zul
2886,ssw
2887,ssw
2888,ssw
2889,ssw
2890,xho
2891,zul
2892,zul
2893,ssw
2894,ssw
2895,ssw
2896,ssw
2897,ssw
2898,ssw
2899,ssw
2900,ssw
2901,zul
2902,ssw
2903,ssw
2904,ssw
2905,nbl
2906,zul
2907,ssw
2908,ssw
2909,zul
2910,ssw
2911,ssw
2912,ssw
2913,ssw
2914,ssw
2915,xho
2916,ssw
2917,ssw
2918,ssw
2919,ssw
2920,ssw
2921,ssw
2922,ssw
2923,ssw
2924,ssw
2925,ssw
2926,zul
2927,ssw
2928,ssw
2929,ssw
2930,ssw
2931,ssw
2932,zul
2933,ssw
2934,ssw
2935,ssw
2936,zul
2937,nbl
2938,eng
2939,xho
2940,ssw
2941,zul
2942,ssw
2943,ssw
2944,zul
2945,zul
2946,tsn
2947,ssw
2948,ssw
2949,ssw
2950,zul
2951,ssw
2952,ssw
2953,ssw
2954,ssw
2955,ssw
2956,ssw
2957,zul
2958,ssw
2959,ssw
2960,ssw
2961,nbl
2962,ssw
2963,ssw
2964,xho
2965,ssw
2966,ssw
2967,zul
2968,ssw
2969,zul
2970,nbl
2971,ssw
2972,ssw
2973,ssw
2974,ssw
2975,zul
2976,ssw
2977,ssw
2978,ssw
2979,ssw
2980,ssw
2981,ssw
2982,ssw
2983,nbl
2984,xho
2985,zul
2986,ssw
2987,ssw
2988,ssw
2989,ssw
2990,ven
2991,ssw
2992,ssw
2993,ssw
2994,ssw
2995,ssw
2996,zul
2997,ssw
2998,zul
2999,ssw
3000,ssw
3001,ssw
3002,ssw
3003,ssw
3004,ssw
3005,zul
3006,zul
3007,ssw
3008,ssw
3009,ssw
3010,ssw
3011,ssw
3012,zul
3013,zul
3014,zul
3015,zul
3016,ssw
3017,zul
3018,ssw
3019,ssw
3020,ssw
3021,ssw
3022,zul
3023,ssw
3024,ssw
3025,ssw
3026,afr
3027,ssw
3028,ssw
3029,ssw
3030,ssw
3031,ssw
3032,ssw
3033,ssw
3034,zul
3035,ssw
3036,nbl
3037,ssw
3038,ssw
3039,ssw
3040,ssw
3041,ssw
3042,zul
3043,ssw
3044,ssw
3045,ssw
3046,nbl
3047,ssw
3048,ssw
3049,zul
3050,zul
3051,ssw
3052,ssw
3053,ssw
3054,ssw
3055,ssw
3056,ssw
3057,ssw
3058,ssw
3059,ssw
3060,xho
3061,ssw
3062,ssw
3063,xho
3064,nbl
3065,xho
3066,ssw
3067,xho
3068,ssw
3069,ssw
3070,zul
3071,ssw
3072,ssw
3073,ssw
3074,nbl
3075,ssw
3076,ssw
3077,xho
3078,ssw
3079,ssw
3080,ssw
3081,ssw
3082,ssw
3083,xho
3084,nbl
3085,ssw
3086,ssw
3087,ssw
3088,xho
3089,ssw
3090,ssw
3091,xho
3092,zul
3093,ssw
3094,ssw
3095,ssw
3096,ssw
3097,ssw
3098,ssw
3099,nbl
3100,ssw
3101,ssw
3102,ssw
3103,ssw
3104,ssw
3105,ssw
3106,ssw
3107,zul
3108,ssw
3109,afr
3110,ssw
3111,ssw
3112,ssw
3113,ssw
3114,xho
3115,ssw
3116,ssw
3117,zul
3118,eng
3119,ssw
3120,zul
3121,ssw
3122,ssw
3123,ssw
3124,ssw
3125,ssw
3126,nbl
3127,ssw
3128,nbl
3129,ssw
3130,ssw
3131,xho
3132,ssw
3133,nbl
3134,ssw
3135,ssw
3136,zul
3137,ssw
3138,ssw
3139,ssw
3140,zul
3141,ssw
3142,ssw
3143,ssw
3144,nbl
3145,ssw
3146,ssw
3147,xho
3148,ssw
3149,xho
3150,ssw
3151,ssw
3152,nbl
3153,ssw
3154,ssw
3155,zul
3156,ssw
3157,zul
3158,ssw
3159,ssw
3160,ssw
3161,ssw
3162,afr
3163,ssw
3164,zul
3165,ssw
3166,xho
3167,ssw
3168,xho
3169,zul
3170,nbl
3171,ssw
3172,xho
3173,ssw
3174,ssw
3175,ssw
3176,zul
3177,tsn
3178,ssw
3179,ssw
3180,xho
3181,ssw
3182,ssw
3183,ssw
3184,zul
3185,ssw
3186,ssw
3187,ssw
3188,ssw
3189,ssw
3190,zul
3191,ssw
3192,xho
3193,ssw
3194,zul
3195,ssw
3196,ssw
3197,zul
3198,zul
3199,ssw
3200,ssw
3201,ssw
3202,zul
3203,ssw
3204,ssw
3205,zul
3206,ssw
3207,zul
3208,ssw
3209,nbl
3210,ssw
3211,ssw
3212,ssw
3213,ssw
3214,ssw
3215,ssw
3216,zul
3217,ssw
3218,ssw
3219,ssw
3220,ssw
3221,ssw
3222,nbl
3223,xho
3224,ssw
3225,xho
3226,ssw
3227,ssw
3228,ssw
3229,ssw
3230,xho
3231,xho
3232,ssw
3233,ssw
3234,nbl
3235,ssw
3236,ssw
3237,xho
3238,ssw
3239,ssw
3240,ssw
3241,ssw
3242,ssw
3243,ssw
3244,ssw
3245,nbl
3246,ssw
3247,ssw
3248,nbl
3249,xho
3250,ssw
3251,zul
3252,ssw
3253,zul
3254,ssw
3255,ssw
3256,zul
3257,ssw
3258,ssw
3259,ssw
3260,zul
3261,ssw
3262,ssw
3263,ssw
3264,eng
3265,ssw
3266,zul
3267,ssw
3268,ssw
3269,ssw
3270,ssw
3271,ssw
3272,ssw
3273,nbl
3274,zul
3275,nbl
3276,zul
3277,ssw
3278,xho
3279,ssw
3280,nbl
3281,ssw
3282,ssw
3283,ssw
3284,ssw
3285,nbl
3286,ssw
3287,ssw
3288,xho
3289,ssw
3290,ssw
3291,nbl
3292,ssw
3293,zul
3294,ssw
3295,xho
3296,nbl
3297,zul
3298,ssw
3299,nbl
3300,xho
3301,xho
3302,ssw
3303,ssw
3304,ssw
3305,ssw
3306,ssw
3307,ssw
3308,ssw
3309,ssw
3310,xho
3311,ssw
3312,zul
3313,ssw
3314,ssw
3315,ssw
3316,zul
3317,ssw
3318,ssw
3319,ssw
3320,ssw
3321,zul
3322,xho
3323,zul
3324,ssw
3325,nbl
3326,ssw
3327,ssw
3328,zul
3329,xho
3330,zul
3331,ssw
3332,ssw
3333,nbl
3334,zul
3335,ssw
3336,ssw
3337,xho
3338,ssw
3339,xho
3340,zul
3341,ssw
3342,xho
3343,ssw
3344,ssw
3345,ssw
3346,ssw
3347,xho
3348,xho
3349,zul
3350,ssw
3351,ssw
3352,ssw
3353,ssw
3354,xho
3355,ssw
3356,ssw
3357,ssw
3358,ssw
3359,zul
3360,ssw
3361,ssw
3362,ssw
3363,ssw
3364,ssw
3365,ssw
3366,ssw
3367,ssw
3368,ssw
3369,ssw
3370,nbl
3371,ssw
3372,ssw
3373,ssw
3374,ssw
3375,ssw
3376,ssw
3377,ssw
3378,xho
3379,ssw
3380,nso
3381,zul
3382,ssw
3383,xho
3384,nbl
3385,zul
3386,ssw
3387,nbl
3388,zul
3389,xho
3390,zul
3391,ssw
3392,ssw
3393,xho
3394,xho
3395,ssw
3396,xho
3397,ssw
3398,ssw
3399,ssw
3400,ssw
3401,ssw
3402,xho
3403,ssw
3404,xho
3405,ssw
3406,ssw
3407,ssw
3408,ssw
3409,ssw
3410,nbl
3411,ssw
3412,nbl
3413,xho
3414,ssw
3415,ssw
3416,ssw
3417,zul
3418,ssw
3419,ssw
3420,xho
3421,ssw
3422,zul
3423,ssw
3424,ssw
3425,ssw
3426,xho
3427,ssw
3428,ssw
3429,ssw
3430,xho
3431,ssw
3432,ssw
3433,ssw
3434,ssw
3435,ssw
3436,ssw
3437,xho
3438,zul
3439,zul
3440,xho
3441,ssw
3442,ssw
3443,xho
3444,xho
3445,ssw
3446,ssw
3447,ssw
3448,ssw
3449,nbl
3450,xho
3451,ssw
3452,nbl
3453,ssw
3454,ssw
3455,ssw
3456,ssw
3457,ssw
3458,ssw
3459,ssw
3460,ssw
3461,xho
3462,ssw
3463,ssw
3464,zul
3465,ssw
3466,zul
3467,ssw
3468,xho
3469,ssw
3470,nbl
3471,ssw
3472,ssw
3473,ssw
3474,ssw
3475,ssw
3476,ssw
3477,ssw
3478,ssw
3479,ssw
3480,ssw
3481,nbl
3482,ssw
3483,ssw
3484,ssw
3485,ssw
3486,ssw
3487,ssw
3488,ssw
3489,ssw
3490,nbl
3491,ssw
3492,ssw
3493,ssw
3494,ssw
3495,ssw
3496,nbl
3497,ssw
3498,ssw
3499,ssw
3500,zul
3501,ssw
3502,zul
3503,ssw
3504,ssw
3505,ssw
3506,ssw
3507,ssw
3508,tsn
3509,zul
3510,ssw
3511,ssw
3512,zul
3513,ssw
3514,ssw
3515,ssw
3516,ssw
3517,xho
3518,ssw
3519,ssw
3520,ssw
3521,ssw
3522,xho
3523,ssw
3524,zul
3525,ssw
3526,xho
3527,zul
3528,zul
3529,ssw
3530,zul
3531,ssw
3532,ssw
3533,ssw
3534,ssw
3535,ssw
3536,ssw
3537,ssw
3538,ssw
3539,ssw
3540,xho
3541,zul
3542,ssw
3543,ssw
3544,ssw
3545,nbl
3546,ssw
3547,ssw
3548,ssw
3549,ssw
3550,ssw
3551,ssw
3552,ssw
3553,ssw
3554,nbl
3555,ssw
3556,ssw
3557,ssw
3558,ssw
3559,xho
3560,ssw
3561,zul
3562,xho
3563,ssw
3564,ssw
3565,ssw
3566,ssw
3567,ssw
3568,ssw
3569,ssw
3570,ssw
3571,ssw
3572,zul
3573,nbl
3574,ssw
3575,ssw
3576,ssw
3577,xho
3578,ssw
3579,ssw
3580,ssw
3581,xho
3582,ssw
3583,nbl
3584,ssw
3585,ssw
3586,ssw
3587,ssw
3588,ssw
3589,ssw
3590,ssw
3591,ssw
3592,ssw
3593,ssw
3594,ssw
3595,ssw
3596,ssw
3597,nbl
3598,ssw
3599,nbl
3600,ssw
3601,ssw
3602,ssw
3603,ssw
3604,nbl
3605,xho
3606,ven
3607,ssw
3608,ssw
3609,nbl
3610,ssw
3611,eng
3612,xho
3613,ssw
3614,zul
3615,ssw
3616,ssw
3617,ssw
3618,ssw
3619,ssw
3620,ssw
3621,ssw
3622,ssw
3623,ssw
3624,nbl
3625,ssw
3626,nbl
3627,ssw
3628,ssw
3629,ssw
3630,zul
3631,ssw
3632,ssw
3633,xho
3634,ssw
3635,ssw
3636,xho
3637,ssw
3638,ssw
3639,zul
3640,ssw
3641,afr
3642,ssw
3643,ssw
3644,ssw
3645,ssw
3646,ssw
3647,ssw
3648,ssw
3649,xho
3650,ssw
3651,ssw
3652,ssw
3653,ssw
3654,ssw
3655,ssw
3656,ssw
3657,zul
3658,ssw
3659,ssw
3660,ssw
3661,ssw
3662,ssw
3663,nbl
3664,nbl
3665,ssw
3666,zul
3667,ssw
3668,ssw
3669,ssw
3670,ssw
3671,ssw
3672,ssw
3673,ssw
3674,zul
3675,ssw
3676,ssw
3677,ssw
3678,nbl
3679,ssw
3680,xho
3681,ssw
3682,ssw
3683,ssw
3684,ssw
3685,ssw
3686,ssw
3687,ssw
3688,ssw
3689,ssw
3690,ssw
3691,ssw
3692,ssw
3693,ssw
3694,xho
3695,ssw
3696,ssw
3697,ssw
3698,ssw
3699,ssw
3700,ssw
3701,ssw
3702,ssw
3703,nbl
3704,zul
3705,ssw
3706,ssw
3707,ssw
3708,ssw
3709,nbl
3710,ssw
3711,ssw
3712,nbl
3713,ssw
3714,ssw
3715,xho
3716,ssw
3717,zul
3718,ssw
3719,ssw
3720,ssw
3721,ssw
3722,zul
3723,ssw
3724,ssw
3725,ssw
3726,ssw
3727,ssw
3728,ssw
3729,eng
3730,ssw
3731,ssw
3732,ssw
3733,ssw
3734,ssw
3735,ssw
3736,ssw
3737,ssw
3738,ssw
3739,ssw
3740,ssw
3741,ssw
3742,ssw
3743,xho
3744,ssw
3745,nbl
3746,ssw
3747,nbl
3748,zul
3749,ssw
3750,ssw
3751,ssw
3752,xho
3753,zul
3754,xho
3755,zul
3756,ssw
3757,ssw
3758,zul
3759,ssw
3760,zul
3761,ssw
3762,xho
3763,nbl
3764,xho
3765,ssw
3766,ssw
3767,zul
3768,ssw
3769,ssw
3770,ssw
3771,ssw
3772,ssw
3773,nbl
3774,zul
3775,xho
3776,ssw
3777,ssw
3778,nbl
3779,ssw
3780,ssw
3781,ssw
3782,ssw
3783,zul
3784,ssw
3785,ssw
3786,ssw
3787,ssw
3788,ssw
3789,ssw
3790,ssw
3791,zul
3792,ssw
3793,ssw
3794,ssw
3795,xho
3796,ssw
3797,zul
3798,ssw
3799,ssw
3800,xho
3801,xho
3802,ssw
3803,ssw
3804,ssw
3805,ssw
3806,ssw
3807,ssw
3808,ssw
3809,ssw
3810,ssw
3811,ssw
3812,zul
3813,ssw
3814,ssw
3815,xho
3816,ssw
3817,ssw
3818,ssw
3819,ssw
3820,nbl
3821,ssw
3822,ssw
3823,ssw
3824,zul
3825,xho
3826,ssw
3827,nbl
3828,xho
3829,ssw
3830,ssw
3831,ssw
3832,ssw
3833,ssw
3834,ssw
3835,ssw
3836,ssw
3837,ssw
3838,ssw
3839,ssw
3840,ssw
3841,ssw
3842,ssw
3843,ssw
3844,ssw
3845,ssw
3846,ssw
3847,ssw
3848,tsn
3849,ssw
3850,ssw
3851,xho
3852,zul
3853,ssw
3854,ssw
3855,ssw
3856,ssw
3857,ssw
3858,xho
3859,afr
3860,ssw
3861,ssw
3862,ssw
3863,afr
3864,ssw
3865,ssw
3866,ssw
3867,xho
3868,ssw
3869,xho
3870,ssw
3871,zul
3872,ssw
3873,ssw
3874,ssw
3875,ssw
3876,ssw
3877,ssw
3878,ssw
3879,xho
3880,xho
3881,zul
3882,xho
3883,ssw
3884,ssw
3885,zul
3886,zul
3887,ssw
3888,ssw
3889,zul
3890,nbl
3891,ssw
3892,zul
3893,ssw
3894,nbl
3895,ssw
3896,ssw
3897,ssw
3898,zul
3899,ssw
3900,zul
3901,zul
3902,zul
3903,ssw
3904,ssw
3905,xho
3906,ssw
3907,xho
3908,ssw
3909,zul
3910,ssw
3911,zul
3912,ssw
3913,ssw
3914,zul
3915,zul
3916,zul
3917,ssw
3918,ssw
3919,ssw
3920,ssw
3921,ssw
3922,ssw
3923,ssw
3924,ssw
3925,ssw
3926,xho
3927,ssw
3928,ssw
3929,zul
3930,ssw
3931,ssw
3932,xho
3933,nbl
3934,zul
3935,ssw
3936,xho
3937,ssw
3938,xho
3939,zul
3940,xho
3941,ssw
3942,ven
3943,ssw
3944,eng
3945,ssw
3946,zul
3947,nbl
3948,nbl
3949,ssw
3950,ssw
3951,ssw
3952,ssw
3953,nbl
3954,ssw
3955,ssw
3956,ssw
3957,ssw
3958,zul
3959,xho
3960,ssw
3961,xho
3962,ssw
3963,zul
3964,ssw
3965,ssw
3966,ssw
3967,zul
3968,ssw
3969,ssw
3970,ssw
3971,ssw
3972,ssw
3973,ssw
3974,nbl
3975,ssw
3976,ssw
3977,ssw
3978,zul
3979,ssw
3980,zul
3981,ssw
3982,ssw
3983,ssw
3984,zul
3985,nbl
3986,zul
3987,ssw
3988,ssw
3989,ssw
3990,ssw
3991,xho
3992,eng
3993,xho
3994,nbl
3995,ssw
3996,ssw
3997,ssw
3998,ssw
3999,zul
4000,ssw
4001,ssw
4002,xho
4003,ssw
4004,ssw
4005,ssw
4006,zul
4007,ssw
4008,ssw
4009,ssw
4010,zul
4011,zul
4012,ssw
4013,ssw
4014,ssw
4015,ssw
4016,ssw
4017,nbl
4018,ssw
4019,zul
4020,ssw
4021,ssw
4022,zul
4023,ssw
4024,xho
4025,ssw
4026,ssw
4027,ssw
4028,nbl
4029,ssw
4030,ssw
4031,ssw
4032,xho
4033,ssw
4034,ssw
4035,ssw
4036,zul
4037,xho
4038,ssw
4039,ssw
4040,nbl
4041,ssw
4042,ssw
4043,ssw
4044,ssw
4045,xho
4046,xho
4047,ssw
4048,nbl
4049,ssw
4050,ssw
4051,ssw
4052,ssw
4053,ssw
4054,ssw
4055,ssw
4056,xho
4057,eng
4058,zul
4059,ssw
4060,ssw
4061,zul
4062,ssw
4063,ssw
4064,ssw
4065,ssw
4066,nbl
4067,xho
4068,nbl
4069,xho
4070,ssw
4071,zul
4072,xho
4073,ssw
4074,xho
4075,ssw
4076,ssw
4077,xho
4078,xho
4079,nbl
4080,xho
4081,afr
4082,nbl
4083,zul
4084,xho
4085,ssw
4086,xho
4087,xho
4088,zul
4089,ssw
4090,nbl
4091,ssw
4092,ssw
4093,ssw
4094,ssw
4095,ssw
4096,ssw
4097,ssw
4098,ssw
4099,zul
4100,nbl
4101,ssw
4102,ssw
4103,xho
4104,ssw
4105,ssw
4106,ssw
4107,ssw
4108,zul
4109,ssw
4110,ssw
4111,ssw
4112,ssw
4113,ssw
4114,ssw
4115,ssw
4116,ssw
4117,ssw
4118,ssw
4119,ssw
4120,ssw
4121,nbl
4122,ssw
4123,ssw
4124,ssw
4125,ssw
4126,nbl
4127,ssw
4128,ssw
4129,ssw
4130,ssw
4131,ssw
4132,ssw
4133,ssw
4134,zul
4135,zul
4136,xho
4137,ssw
4138,ssw
4139,ssw
4140,ssw
4141,xho
4142,ssw
4143,ssw
4144,ssw
4145,nbl
4146,ssw
4147,ssw
4148,ssw
4149,ssw
4150,ssw
4151,zul
4152,zul
4153,xho
4154,xho
4155,zul
4156,zul
4157,zul
4158,ssw
4159,zul
4160,ssw
4161,ssw
4162,nbl
4163,zul
4164,nbl
4165,nbl
4166,ven
4167,ssw
4168,ssw
4169,ssw
4170,ssw
4171,ssw
4172,nbl
4173,ssw
4174,zul
4175,ssw
4176,ssw
4177,xho
4178,ssw
4179,ssw
4180,zul
4181,ssw
4182,zul
4183,nbl
4184,ssw
4185,ssw
4186,zul
4187,xho
4188,ssw
4189,ssw
4190,ssw
4191,zul
4192,ssw
4193,nbl
4194,ssw
4195,ssw
4196,ssw
4197,xho
4198,nbl
4199,ssw
4200,ssw
4201,zul
4202,ssw
4203,zul
4204,ssw
4205,ssw
4206,ssw
4207,ssw
4208,ssw
4209,nbl
4210,ssw
4211,ssw
4212,ssw
4213,ssw
4214,ssw
4215,ssw
4216,ssw
4217,ssw
4218,zul
4219,ssw
4220,zul
4221,nbl
4222,xho
4223,ssw
4224,ssw
4225,xho
4226,ssw
4227,ssw
4228,ssw
4229,ven
4230,zul
4231,ssw
4232,ssw
4233,nbl
4234,zul
4235,ssw
4236,ssw
4237,ssw
4238,ssw
4239,zul
4240,xho
4241,ssw
4242,ssw
4243,ssw
4244,xho
4245,ssw
4246,zul
4247,ssw
4248,ssw
4249,ssw
4250,ssw
4251,ssw
4252,ssw
4253,xho
4254,xho
4255,xho
4256,zul
4257,xho
4258,ssw
4259,xho
4260,ssw
4261,zul
4262,xho
4263,zul
4264,ssw
4265,ssw
4266,ssw
4267,nbl
4268,ssw
4269,nbl
4270,ssw
4271,ssw
4272,ssw
4273,ssw
4274,xho
4275,zul
4276,ssw
4277,ssw
4278,nbl
4279,ssw
4280,ssw
4281,ssw
4282,nbl
4283,ssw
4284,ssw
4285,ssw
4286,ssw
4287,ssw
4288,ssw
4289,ssw
4290,ssw
4291,ssw
4292,ssw
4293,ssw
4294,zul
4295,afr
4296,ssw
4297,ssw
4298,ssw
4299,nbl
4300,ssw
4301,ssw
4302,xho
4303,ssw
4304,ssw
4305,ssw
4306,zul
4307,ssw
4308,nbl
4309,ssw
4310,xho
4311,nso
4312,zul
4313,ssw
4314,ssw
4315,xho
4316,ssw
4317,ssw
4318,ssw
4319,ssw
4320,ssw
4321,ssw
4322,ssw
4323,ssw
4324,ssw
4325,nbl
4326,zul
4327,ssw
4328,afr
4329,ssw
4330,ssw
4331,ssw
4332,ven
4333,ssw
4334,ssw
4335,zul
4336,ssw
4337,zul
4338,ssw
4339,ssw
4340,ssw
4341,ssw
4342,nbl
4343,ssw
4344,ssw
4345,xho
4346,ssw
4347,nbl
4348,ssw
4349,zul
4350,xho
4351,xho
4352,zul
4353,ssw
4354,ssw
4355,ssw
4356,ssw
4357,ssw
4358,ven
4359,ssw
4360,ssw
4361,ssw
4362,xho
4363,xho
4364,ssw
4365,zul
4366,zul
4367,ssw
4368,zul
4369,ssw
4370,xho
4371,nbl
4372,nbl
4373,ssw
4374,ssw
4375,zul
4376,ssw
4377,ssw
4378,zul
4379,ssw
4380,ssw
4381,zul
4382,ssw
4383,zul
4384,zul
4385,ssw
4386,ssw
4387,ssw
4388,ssw
4389,zul
4390,zul
4391,ssw
4392,nbl
4393,xho
4394,ssw
4395,ssw
4396,ssw
4397,xho
4398,ssw
4399,nbl
4400,nbl
4401,xho
4402,ssw
4403,ssw
4404,ssw
4405,xho
4406,ssw
4407,ssw
4408,ssw
4409,ssw
4410,ssw
4411,nbl
4412,ssw
4413,zul
4414,ssw
4415,zul
4416,xho
4417,xho
4418,ssw
4419,ssw
4420,ssw
4421,ssw
4422,ssw
4423,zul
4424,ssw
4425,ssw
4426,ssw
4427,ssw
4428,ssw
4429,xho
4430,xho
4431,ssw
4432,ssw
4433,xho
4434,ssw
4435,xho
4436,ssw
4437,ssw
4438,ssw
4439,ssw
4440,zul
4441,ssw
4442,ssw
4443,ssw
4444,ssw
4445,ssw
4446,ssw
4447,ssw
4448,xho
4449,nbl
4450,ssw
4451,zul
4452,ssw
4453,ssw
4454,ssw
4455,nbl
4456,zul
4457,ssw
4458,zul
4459,ssw
4460,ssw
4461,zul
4462,nbl
4463,ssw
4464,zul
4465,ssw
4466,nbl
4467,ssw
4468,xho
4469,nbl
4470,xho
4471,ssw
4472,ssw
4473,zul
4474,zul
4475,ssw
4476,ssw
4477,ssw
4478,zul
4479,xho
4480,ssw
4481,ssw
4482,ssw
4483,ssw
4484,ssw
4485,ssw
4486,ssw
4487,ssw
4488,ssw
4489,ssw
4490,ssw
4491,ssw
4492,nbl
4493,xho
4494,ssw
4495,ssw
4496,zul
4497,ssw
4498,zul
4499,ssw
4500,ssw
4501,ssw
4502,ssw
4503,ssw
4504,ssw
4505,ssw
4506,xho
4507,nbl
4508,ssw
4509,zul
4510,ssw
4511,xho
4512,ssw
4513,ssw
4514,ssw
4515,xho
4516,ssw
4517,ssw
4518,nbl
4519,ssw
4520,nbl
4521,ssw
4522,ssw
4523,xho
4524,ssw
4525,ssw
4526,ssw
4527,ssw
4528,ssw
4529,xho
4530,ssw
4531,ssw
4532,ssw
4533,ssw
4534,ssw
4535,ssw
4536,ssw
4537,zul
4538,ssw
4539,ssw
4540,ssw
4541,ssw
4542,ssw
4543,ssw
4544,ssw
4545,xho
4546,zul
4547,zul
4548,xho
4549,ssw
4550,ssw
4551,zul
4552,ssw
4553,ssw
4554,ssw
4555,ssw
4556,ssw
4557,nbl
4558,xho
4559,ssw
4560,ssw
4561,ssw
4562,ssw
4563,ven
4564,nbl
4565,ssw
4566,tso
4567,zul
4568,xho
4569,ssw
4570,ssw
4571,ssw
4572,ssw
4573,nbl
4574,ssw
4575,ssw
4576,ssw
4577,ssw
4578,ssw
4579,ssw
4580,ssw
4581,eng
4582,xho
4583,ssw
4584,nbl
4585,ssw
4586,ssw
4587,ssw
4588,nbl
4589,ssw
4590,xho
4591,zul
4592,zul
4593,nbl
4594,xho
4595,ssw
4596,ssw
4597,xho
4598,ssw
4599,ssw
4600,zul
4601,ssw
4602,ssw
4603,zul
4604,ssw
4605,ssw
4606,ssw
4607,ssw
4608,ssw
4609,ssw
4610,zul
4611,xho
4612,ssw
4613,ssw
4614,ssw
4615,ssw
4616,ssw
4617,nbl
4618,ssw
4619,ssw
4620,ssw
4621,ssw
4622,nbl
4623,ssw
4624,ssw
4625,ssw
4626,ssw
4627,ssw
4628,ssw
4629,xho
4630,xho
4631,ssw
4632,ssw
4633,ven
4634,ssw
4635,nbl
4636,ssw
4637,ssw
4638,xho
4639,ssw
4640,ssw
4641,ssw
4642,xho
4643,xho
4644,nbl
4645,ssw
4646,ssw
4647,zul
4648,ssw
4649,ssw
4650,ssw
4651,ssw
4652,zul
4653,xho
4654,ssw
4655,zul
4656,ssw
4657,ssw
4658,zul
4659,ssw
4660,ssw
4661,nbl
4662,xho
4663,xho
4664,ssw
4665,ssw
4666,xho
4667,nbl
4668,ssw
4669,ssw
4670,afr
4671,xho
4672,ssw
4673,xho
4674,ssw
4675,ssw
4676,nbl
4677,ssw
4678,ssw
4679,ssw
4680,ssw
4681,xho
4682,zul
4683,ssw
4684,tsn
4685,ssw
4686,xho
4687,ssw
4688,ssw
4689,ssw
4690,nbl
4691,ssw
4692,nbl
4693,ssw
4694,ssw
4695,zul
4696,zul
4697,zul
4698,ssw
4699,ssw
4700,nbl
4701,xho
4702,ssw
4703,ssw
4704,zul
4705,ssw
4706,xho
4707,xho
4708,ssw
4709,ssw
4710,ssw
4711,ssw
4712,ssw
4713,ssw
4714,xho
4715,zul
4716,xho
4717,ssw
4718,ssw
4719,zul
4720,ssw
4721,afr
4722,ssw
4723,ssw
4724,ssw
4725,nso
4726,ssw
4727,zul
4728,eng
4729,ssw
4730,ssw
4731,zul
4732,ssw
4733,ssw
4734,ssw
4735,ssw
4736,ssw
4737,xho
4738,ssw
4739,ssw
4740,xho
4741,zul
4742,ssw
4743,ssw
4744,ssw
4745,ssw
4746,ssw
4747,ssw
4748,ssw
4749,ssw
4750,nbl
4751,xho
4752,ssw
4753,zul
4754,ssw
4755,ssw
4756,ssw
4757,nbl
4758,ssw
4759,zul
4760,nbl
4761,ssw
4762,ssw
4763,ssw
4764,ssw
4765,ssw
4766,xho
4767,ssw
4768,ssw
4769,xho
4770,ssw
4771,ssw
4772,xho
4773,nbl
4774,ssw
4775,xho
4776,ssw
4777,ssw
4778,ssw
4779,zul
4780,ssw
4781,ssw
4782,ssw
4783,ssw
4784,ssw
4785,xho
4786,nbl
4787,ssw
4788,xho
4789,ssw
4790,ssw
4791,ssw
4792,xho
4793,ssw
4794,ssw
4795,zul
4796,ssw
4797,zul
4798,eng
4799,zul
4800,xho
4801,ssw
4802,xho
4803,ssw
4804,xho
4805,zul
4806,xho
4807,xho
4808,ssw
4809,ssw
4810,zul
4811,ssw
4812,ssw
4813,ssw
4814,ssw
4815,zul
4816,ssw
4817,ssw
4818,ssw
4819,ssw
4820,ssw
4821,ssw
4822,ssw
4823,zul
4824,xho
4825,ssw
4826,zul
4827,ssw
4828,xho
4829,zul
4830,ssw
4831,ssw
4832,ssw
4833,ssw
4834,ssw
4835,tso
4836,ssw
4837,ssw
4838,zul
4839,ssw
4840,ssw
4841,ssw
4842,ssw
4843,zul
4844,nbl
4845,xho
4846,ssw
4847,ssw
4848,xho
4849,ssw
4850,ssw
4851,ssw
4852,ssw
4853,ssw
4854,zul
4855,ssw
4856,xho
4857,zul
4858,zul
4859,tsn
4860,ssw
4861,xho
4862,ssw
4863,ssw
4864,zul
4865,zul
4866,ssw
4867,zul
4868,ssw
4869,nbl
4870,ssw
4871,ssw
4872,ssw
4873,xho
4874,ssw
4875,ssw
4876,zul
4877,nbl
4878,ven
4879,ssw
4880,ssw
4881,ssw
4882,ssw
4883,ssw
4884,ssw
4885,xho
4886,ssw
4887,ssw
4888,zul
4889,ssw
4890,ssw
4891,zul
4892,ssw
4893,ssw
4894,ssw
4895,ssw
4896,ssw
4897,ssw
4898,nbl
4899,xho
4900,afr
4901,ssw
4902,ssw
4903,ssw
4904,zul
4905,zul
4906,ssw
4907,ssw
4908,ssw
4909,zul
4910,ssw
4911,ssw
4912,zul
4913,ssw
4914,zul
4915,ssw
4916,ssw
4917,ssw
4918,zul
4919,ssw
4920,ssw
4921,xho
4922,ssw
4923,ssw
4924,nbl
4925,xho
4926,ssw
4927,ssw
4928,ssw
4929,ssw
4930,ssw
4931,zul
4932,ssw
4933,ssw
4934,zul
4935,ssw
4936,xho
4937,ssw
4938,nbl
4939,ssw
4940,zul
4941,xho
4942,ssw
4943,ssw
4944,xho
4945,ssw
4946,ssw
4947,ssw
4948,ssw
4949,xho
4950,ssw
4951,xho
4952,ssw
4953,zul
4954,ssw
4955,ssw
4956,ssw
4957,zul
4958,zul
4959,ssw
4960,ssw
4961,ssw
4962,ssw
4963,ssw
4964,ssw
4965,ssw
4966,ssw
4967,ssw
4968,ssw
4969,zul
4970,zul
4971,ssw
4972,zul
4973,ssw
4974,xho
4975,ssw
4976,ssw
4977,nbl
4978,ssw
4979,ssw
4980,ssw
4981,ssw
4982,ssw
4983,ssw
4984,ssw
4985,zul
4986,zul
4987,ssw
4988,ssw
4989,zul
4990,xho
4991,ssw
4992,ssw
4993,ssw
4994,ssw
4995,ssw
4996,nbl
4997,ssw
4998,ssw
4999,ssw
5000,ssw
5001,ssw
5002,xho
5003,ssw
5004,zul
5005,ssw
5006,ssw
5007,ssw
5008,xho
5009,ssw
5010,ssw
5011,ssw
5012,zul
5013,xho
5014,zul
5015,ssw
5016,ssw
5017,ssw
5018,ssw
5019,ssw
5020,ssw
5021,ssw
5022,ssw
5023,ssw
5024,ssw
5025,ssw
5026,zul
5027,zul
5028,ssw
5029,ssw
5030,ssw
5031,ssw
5032,zul
5033,ssw
5034,xho
5035,ssw
5036,nbl
5037,ssw
5038,ssw
5039,ssw
5040,ssw
5041,xho
5042,ssw
5043,zul
5044,ssw
5045,zul
5046,ssw
5047,ssw
5048,ssw
5049,ssw
5050,xho
5051,ssw
5052,nso
5053,tso
5054,ssw
5055,ssw
5056,ssw
5057,zul
5058,xho
5059,nbl
5060,zul
5061,zul
5062,ssw
5063,ssw
5064,ssw
5065,zul
5066,ssw
5067,ssw
5068,ssw
5069,ssw
5070,ssw
5071,ssw
5072,zul
5073,ssw
5074,ssw
5075,zul
5076,ssw
5077,xho
5078,xho
5079,xho
5080,ssw
5081,zul
5082,ssw
5083,ssw
5084,ven
5085,ssw
5086,ssw
5087,ssw
5088,ssw
5089,ssw
5090,ssw
5091,ssw
5092,ssw
5093,ssw
5094,ssw
5095,ssw
5096,ssw
5097,ssw
5098,ssw
5099,xho
5100,ssw
5101,ssw
5102,ssw
5103,ssw
5104,ssw
5105,zul
5106,zul
5107,ssw
5108,xho
5109,ssw
5110,ssw
5111,ssw
5112,zul
5113,zul
5114,ssw
5115,nbl
5116,zul
5117,ssw
5118,zul
5119,ssw
5120,ssw
5121,ssw
5122,ssw
5123,ssw
5124,ssw
5125,xho
5126,xho
5127,zul
5128,ssw
5129,ssw
5130,nbl
5131,ssw
5132,zul
5133,ssw
5134,nbl
5135,ssw
5136,ssw
5137,ssw
5138,ssw
5139,ssw
5140,nbl
5141,xho
5142,ssw
5143,xho
5144,ssw
5145,zul
5146,ssw
5147,ssw
5148,ssw
5149,nbl
5150,ssw
5151,ssw
5152,ssw
5153,zul
5154,ssw
5155,ssw
5156,nbl
5157,ssw
5158,ssw
5159,xho
5160,ssw
5161,ssw
5162,ssw
5163,ssw
5164,ssw
5165,ssw
5166,ssw
5167,ssw
5168,ssw
5169,ssw
5170,ssw
5171,ssw
5172,ssw
5173,ssw
5174,ssw
5175,ssw
5176,ssw
5177,ssw
5178,ssw
5179,ssw
5180,ssw
5181,ssw
5182,ssw
5183,ssw
5184,ssw
5185,zul
5186,ssw
5187,ssw
5188,ssw
5189,nbl
5190,ssw
5191,ssw
5192,ssw
5193,ssw
5194,nbl
5195,ssw
5196,xho
5197,zul
5198,ssw
5199,ssw
5200,ssw
5201,ssw
5202,zul
5203,ssw
5204,xho
5205,tso
5206,ssw
5207,ssw
5208,zul
5209,eng
5210,ssw
5211,ssw
5212,zul
5213,ssw
5214,ssw
5215,zul
5216,ssw
5217,xho
5218,ssw
5219,ssw
5220,ssw
5221,ssw
5222,ssw
5223,ssw
5224,xho
5225,ssw
5226,ssw
5227,ssw
5228,zul
5229,ssw
5230,nbl
5231,xho
5232,ssw
5233,nbl
5234,xho
5235,nbl
5236,ssw
5237,ssw
5238,ssw
5239,ssw
5240,ssw
5241,ssw
5242,ssw
5243,ssw
5244,ssw
5245,ssw
5246,zul
5247,ssw
5248,ssw
5249,ssw
5250,zul
5251,ssw
5252,ssw
5253,ssw
5254,ssw
5255,ssw
5256,xho
5257,ssw
5258,ssw
5259,zul
5260,ssw
5261,xho
5262,ssw
5263,ssw
5264,zul
5265,ssw
5266,ssw
5267,ssw
5268,tsn
5269,ssw
5270,ssw
5271,tso
5272,ssw
5273,ssw
5274,ssw
5275,ssw
5276,ssw
5277,xho
5278,ven
5279,xho
5280,ssw
5281,ssw
5282,ssw
5283,ssw
5284,zul
5285,ssw
5286,ssw
5287,ssw
5288,ssw
5289,ssw
5290,ssw
5291,ssw
5292,ssw
5293,ssw
5294,zul
5295,ssw
5296,ssw
5297,xho
5298,ssw
5299,ssw
5300,ssw
5301,ssw
5302,ssw
5303,ssw
5304,ssw
5305,ssw
5306,ssw
5307,xho
5308,ssw
5309,zul
5310,xho
5311,ssw
5312,ssw
5313,nbl
5314,ssw
5315,ssw
5316,ssw
5317,xho
5318,zul
5319,zul
5320,ssw
5321,ssw
5322,zul
5323,xho
5324,ssw
5325,ssw
5326,ssw
5327,zul
5328,ssw
5329,ssw
5330,ssw
5331,xho
5332,ssw
5333,ssw
5334,ssw
5335,zul
5336,ssw
5337,ssw
5338,zul
5339,ssw
5340,ssw
5341,ssw
5342,ssw
5343,ssw
5344,zul
5345,ssw
5346,ssw
5347,ssw
5348,nbl
5349,xho
5350,ssw
5351,ssw
5352,xho
5353,ssw
5354,zul
5355,xho
5356,ssw
5357,ssw
5358,ssw
5359,xho
5360,zul
5361,zul
5362,ssw
5363,ssw
5364,zul
5365,zul
5366,nso
5367,ssw
5368,ssw
5369,zul
5370,zul
5371,ssw
5372,ssw
5373,ssw
5374,ssw
5375,xho
5376,xho
5377,ssw
5378,xho
5379,ssw
5380,nso
5381,xho
5382,ssw
5383,ssw
5384,ven
5385,ssw
5386,ssw
5387,ssw
5388,ssw
5389,nbl
5390,ssw
5391,xho
5392,zul
5393,zul
5394,ssw
5395,ssw
5396,ssw
5397,ssw
5398,ssw
5399,ssw
5400,zul
5401,ssw
5402,zul
5403,ssw
5404,ssw
5405,ssw
5406,ssw
5407,ssw
5408,zul
5409,ssw
5410,ssw
5411,ssw
5412,ssw
5413,ssw
5414,ssw
5415,zul
5416,ssw
5417,ssw
5418,nbl
5419,nbl
5420,ssw
5421,nbl
5422,ssw
5423,ssw
5424,ssw
5425,zul
5426,xho
5427,ssw
5428,ssw
5429,ssw
5430,ssw
5431,ssw
5432,zul
5433,ssw
5434,xho
5435,xho
5436,ssw
5437,ssw
5438,ssw
5439,xho
5440,ssw
5441,ssw
5442,zul
5443,ssw
5444,ssw
5445,xho
5446,ssw
5447,ssw
5448,ssw
5449,ssw
5450,ssw
5451,ssw
5452,ssw
5453,ssw
5454,zul
5455,ssw
5456,ssw
5457,ssw
5458,zul
5459,ssw
5460,ssw
5461,ssw
5462,zul
5463,zul
5464,ssw
5465,ssw
5466,ssw
5467,zul
5468,nbl
5469,xho
5470,xho
5471,ssw
5472,xho
5473,ssw
5474,ssw
5475,ssw
5476,ssw
5477,ssw
5478,ssw
5479,ssw
5480,ssw
5481,ssw
5482,ssw
5483,xho
5484,ssw
5485,xho
5486,ssw
5487,ssw
5488,ssw
5489,ssw
5490,zul
5491,zul
5492,nbl
5493,ssw
5494,ssw
5495,xho
5496,nbl
5497,ssw
5498,ssw
5499,nbl
5500,ssw
5501,ssw
5502,nso
5503,ssw
5504,xho
5505,ssw
5506,ssw
5507,ssw
5508,xho
5509,nbl
5510,ssw
5511,ssw
5512,ssw
5513,xho
5514,zul
5515,xho
5516,ssw
5517,zul
5518,ssw
5519,ssw
5520,ssw
5521,ssw
5522,ssw
5523,ssw
5524,ssw
5525,ssw
5526,ssw
5527,ssw
5528,ssw
5529,ssw
5530,ssw
5531,nbl
5532,ssw
5533,ssw
5534,ssw
5535,ssw
5536,ssw
5537,ssw
5538,nbl
5539,nbl
5540,zul
5541,zul
5542,ssw
5543,nbl
5544,ssw
5545,ssw
5546,xho
5547,nso
5548,ssw
5549,ssw
5550,xho
5551,nbl
5552,ssw
5553,ssw
5554,ssw
5555,nbl
5556,ssw
5557,ssw
5558,xho
5559,xho
5560,zul
5561,ssw
5562,ssw
5563,ssw
5564,zul
5565,nbl
5566,ssw
5567,ssw
5568,ssw
5569,ssw
5570,xho
5571,ssw
5572,xho
5573,xho
5574,zul
5575,ssw
5576,ssw
5577,nbl
5578,ssw
5579,xho
5580,ssw
5581,ssw
5582,ssw
5583,ssw
5584,ssw
5585,zul
5586,ssw
5587,ssw
5588,ssw
5589,ssw
5590,nbl
5591,ssw
5592,ssw
5593,ssw
5594,ssw
5595,ssw
5596,ssw
5597,ssw
5598,zul
5599,xho
5600,ssw
5601,ssw
5602,ssw
5603,xho
5604,ssw
5605,xho
5606,ssw
5607,ssw
5608,ssw
5609,ssw
5610,zul
5611,tso
5612,ssw
5613,xho
5614,ssw
5615,ssw
5616,ssw
5617,xho
5618,ssw
5619,zul
5620,zul
5621,ssw
5622,ssw
5623,ssw
5624,ssw
5625,nbl
5626,xho
5627,ssw
5628,ssw
5629,xho
5630,ssw
5631,nbl
5632,zul
5633,nbl
5634,ssw
5635,ssw
5636,ssw
5637,ssw
5638,ssw
5639,ssw
5640,ssw
5641,nbl
5642,ssw
5643,ssw
5644,ssw
5645,ssw
5646,ssw
5647,zul
5648,ssw
5649,ssw
5650,ssw
5651,ssw
5652,ssw
5653,ssw
5654,ssw
5655,ssw
5656,ssw
5657,xho
5658,zul
5659,ssw
5660,ssw
5661,ssw
5662,ssw
5663,ssw
5664,zul
5665,xho
5666,xho
5667,ssw
5668,ssw
5669,zul
5670,ssw
5671,ssw
5672,zul
5673,nbl
5674,ssw
5675,ssw
5676,xho
5677,ssw
5678,ssw
5679,zul
5680,nbl
5681,ssw
5682,ssw
